<?xml version="1.0" encoding="UTF-8"?><idempiere Name="2Pack_1.0.2" Version="1.0.2" idempiereVersion="" DataBaseVersion="" Description="" Author="" AuthorEmail="druiz@bxservice.com" CreatedDate="2019-07-18 20:54:22.888" UpdatedDate="2019-07-22 20:20:10.282" PackOutVersion="100" UpdateDictionary="false" Client="0-SYSTEM-System" AD_Client_UU="11237b53-9592-4af1-b3c5-afd216514b5d">
    <AD_Form type="table">
        <AD_Client_ID>0</AD_Client_ID>
        <AD_Org_ID>0</AD_Org_ID>
        <IsActive>Y</IsActive>
        <Name>Georeferencing</Name>
        <Description/>
        <Help/>
        <Classname>de.bxservice.georeferencing.webui.form.WGeoreferencingMap</Classname>
        <AccessLevel>3</AccessLevel>
        <EntityType>BAY</EntityType>
        <IsBetaFunctionality>N</IsBetaFunctionality>
        <JSPURL/>
        <AD_Form_UU>c597a78d-5ee9-424f-a9f7-b90458b0c128</AD_Form_UU>
        <AD_CtxHelp_ID reference="id"/>
        <AD_Form_Trl type="translation">
            <Help/>
            <Description/>
            <Name>Georeferencing</Name>
            <AD_Language>de_DE</AD_Language>
            <IsActive>Y</IsActive>
            <IsTranslated>N</IsTranslated>
        </AD_Form_Trl>
    </AD_Form>
    <AD_Process type="table">
        <AD_Client_ID>0</AD_Client_ID>
        <AD_Org_ID>0</AD_Org_ID>
        <IsActive>Y</IsActive>
        <Name>Address Longitude/Latitude</Name>
        <Description>Sets the Longitude/Latitude of addresses</Description>
        <Help/>
        <ProcedureName/>
        <IsReport>N</IsReport>
        <Value>BXS Longitude/Latitude</Value>
        <IsDirectPrint>N</IsDirectPrint>
        <AD_ReportView_ID reference="id"/>
        <Classname>de.bxservice.georeferencing.process.BXSAddressLongitudeLatitude</Classname>
        <AccessLevel>3</AccessLevel>
        <EntityType>BAY</EntityType>
        <Statistic_Count>4</Statistic_Count>
        <Statistic_Seconds>4</Statistic_Seconds>
        <AD_PrintFormat_ID reference="id"/>
        <WorkflowValue/>
        <AD_Workflow_ID reference="id"/>
        <IsBetaFunctionality>N</IsBetaFunctionality>
        <IsServerProcess>N</IsServerProcess>
        <ShowHelp>Y</ShowHelp>
        <JasperReport/>
        <AD_Form_ID reference="id"/>
        <CopyFromProcess>N</CopyFromProcess>
        <AD_Process_UU>14cfca8f-87e3-48f8-b638-56195bbe0f1f</AD_Process_UU>
        <AD_CtxHelp_ID reference="id"/>
        <ExecutionType>B</ExecutionType>
        <AllowMultipleExecution>P</AllowMultipleExecution>
        <AD_Process_Trl type="translation">
            <Help/>
            <Name>Address Longitude/Latitude</Name>
            <Description>Sets the Longitude/Latitude of addresses</Description>
            <AD_Language>de_DE</AD_Language>
            <IsActive>Y</IsActive>
            <IsTranslated>N</IsTranslated>
        </AD_Process_Trl>
    </AD_Process>
</idempiere>
